PROD_CODIGO;PROD_COD_BAR;PROD_DESCRICAO
18150;7898506461974;ADAPT T3 SAIDAS 2 PINOS MULTILASER WI242 UND
18149;7898506460373;ADAPT T3 SAIDAS 3 PINOS MULTILASER WI224 UND
26405;7899838822013;ADAPTADOR MULTILASER DE 2 TOMADAS E 2 USB 2.1A WI331
24291;7899838879659;ADAPTADOR P2-P3 MULTILASER WI409
24293;7899838879666;ADAPTADOR P3-P2 MULTILASER WI410
5637;7898458706727;ADAPTADOR T TRIPLO MULTILASER WI10085ML
13003;7898476326075;ADAPTADOR UNIVERSAL DE TOMADA MULTILASER WI146
5639;7898458700930;ADAPTADOR USB AF / AF AD50011ML MULTILASER
5640;7898458700947;ADAPTADOR USB AM / AM AD50012ML MULTILASER
5642;7898458704525;ADAPTADOR USB FEMEA - PS2 AD50022ML MULTILASER
9390;7898458704525;ADAPTADOR USB FEMEA MULTILASER WI172
5643;7898458705089;ADAPTADOR USB MACHO-PS2 FEM AD50023ML MULTILASER
19367;7898506457144;ADAPTADOR WIRELESS USB 150MBPS RE035 MULTILASER
19991;7898506462094;ADAPTADOR WIRELESS USB 300MBPS 2.0 2.4GHZ MULTILASER RE052
20379;7899838829968;AIR FRYER 220V 1500W CAPACIDADE 4L MULTILASER CE022
24835;7899838858869;AIR FRYER 220V 1500W CAPACIDADE 4L MULTILASER CE084 VERMELHA
23986;7899838895802;APARADOR DE PELOS FEMININO MULTILASER EB079 BIVOLT
20202;7899838824383;APARADOR DE PELOS MULTILASER EB11 BIVOLT
20739;7899838819709;APRESENTADOR LASER POINT MULTILASER AC294 PRETO
17488;7898506469215;APRESENTADOR LASER POINT MULTILASER PRETO AC251
18141;7898506457984;APRESENTADOR LASER PRESENTER MULTILASER AC164
23485;7899838848679;ASPIRADOR ROBO MULTILASER BIVOLT HO041
23873;7899838848679;ASPIRADOR ROBO MULTILASER BIVOLT 3 EM 1 HO041
17107;7898506467150;AUTO RADIO CD-PLAYER MULTILASER FREEDOM P3239
13886;7898506460762;AUTO RADIO MP3 PLAYER FM/USB/SD P3209 MULTILASER BLUETOOTH
15746;7898506461776;AUTO RADIO MULTILASER ONE MP3 FM SD P3213 PRETO
14922;7898506461967;AUTO RADIO MULTILASER TALK P3214
21901;7899838806051;BALANCA DIGITAL DIGI-HEALTH MULTILASER HC022 PRETA
20875;7899838827643;BALANCA DIGITAL EATSMART MULTILASER HC039
20873;7899838842271;BATEDEIRA PLANETARIA 500W 4L 6 VELOCIDADES MULTILASER CE056
13840;7898506460700;BOLSA FEMININA P/NOTEBOOK 15,6 ROSA MULTILASER  BO170
13994;7898506460717;BOLSA FEMININA P/NOTEBOOK 15.6 VM MULTILASER BO171
9837;7898506453252;BOLSA MULTILASER PRETO BO091
12285;7898506456444;BOLSA P/NOTE FEMININA 14 PT MULTILASER BO102
12286;7898506456451;BOLSA P/NOTE FEMININA 14 RS MULTILASER BO103
18559;7898506460724;BOLSA P/NOTEBOOK 15,6 PRETA MULTILASER BO172
20239;7899838821757;CABO CCI P/CFTV 4 PARES 24AWG SE139 MULTILASER 305MTS
22546;7899838875590;CABO CCI P/CFTV 4PARES X0,41MM GS0237 GIGA MULTILASER 305MTS PRETO
20766;7899838846217;CABO CCI P/CFTV 4PARES X05 0,51MM GS0230 GIGA MULTILASER 305MTS BCO
22075;7899838846200;CABO CCI P/CFTV 4PARES X06 0,51MM GS0229 GIGA MULTILASER 305MTS AZUL
20767;7899838846224;CABO CCI P/CFTV 4PARES X06 0,51MM GS0231 GIGA MULTILASER 305MTS PTO
19181;7899838805405;CABO CONVERSOR HDMI M X VGA F MULTILASER WI293 C/ SAIDA DE AUDIO
21134;7899838846279;CABO CONVERSOR TIPO-C MACHO X HDMI 4K FEMEA MULTILASER WI373
21133;7899838846262;CABO CONVERSOR TIPO-C MACHO X VGA FEMEA MULTILASER WI372
19581;7899838829470;CABO CONVERSOR USB MACHO X HDMI FEMEA MULTILASER WI347
19582;7899838829487;CABO CONVERSOR USB MACHO X VGA FEMEA MULTILASER WI348
8273;7898458701487;CABO CONVERSOR USB SERIAL MULTILASER WI047
8260;7898458701470;CABO CONVERSOR USB X PS2 MULTILASER WI046
18147;7898506475094;CABO CONVERSOR USB X RJ45 MULTILASER WI272
18148;7899838800349;CABO CONVERSOR VGA X HDMI MULTILASER WI280
15817;7898506461752;CABO DE FORCA EXTENSAO TRIPOLAR MULTILASER WI239
18455;7898506460120;CABO DE FORCA MONITOR MULTILASER WI223
8501;7898458706581;CABO DE VIDEO 3,5MM M/3 RCA-M 3,0M MULTILASER WI071
8263;7898458706574;CABO DE VIDEO 3,55MM M/3 RCA-M 1,5M MULTILASER WI070
6537;7898458701111;CABO EXTENSOR MONITOR WI10010ML MULTILASER
14921;7898506465828;CABO EXTENSOR RETRATIL 3 ENTRADAS MULTILASER WI252
11130;7898458701272;CABO EXTENSOR USB 2.0 WI026 MULTILASER
8669;7898458701180;CABO FIREWARE 4P M/ 4P M MULTILASER WI10017ML
8670;7898458701197;CABO FIREWARE 6P M/ 4P M MULTILASER WI10018ML
8671;7898458701203;CABO FIREWARE 6P M/ 6P M MULTILASER WI10019ML
17112;7899838806969;CABO FLAT MICRO USB 5P MULTILASER WI298
21522;7899838820286;CABO IPHONE SMARTO GO 1,2M  MULTILASER WI316
19003;7899838817392;CABO IPHONE 5/6 2MT MULTILASER WI313
18708;7899838818481;CABO IPHONE 8PIN WI327 MULTILASER PTO
18709;7899838818498;CABO IPHONE 8PIN WI328 MULTILASER BCO
24290;7898506465903;CABO LIGHTNING 8PIN IPHONE MULTILASER WI256
17113;7899838806976;CABO LIGHTNING 8PIN IPHONE MULTILASER WI299
21326;7899838820293;CABO MICRO USB SMARTO GO MULTILASER WI317
19002;7899838817385;CABO MICRO USB 2MT MULTILASER WI312
18706;7899838818467;CABO MICRO USB 5PIN WI325 MULTILASER PRETO
18707;7899838818474;CABO MICRO USB 5PIN WI326 MULTILASER BRANCO
21132;7899838834191;CABO TIPO-C USB WI365 MULTILASER BRANCO
21649;7899838851464;CABO TRIPLO 1,4M 2A MULTILASER WI382
11031;7898506453641;CABO USB A MACHO/MINI 5PIN WI197 MULTILASER
8850;7898458701364;CABO USB AM/MINI 4PIN MULTILASER WI035
16390;7898458701289;CABO USB 2.0 A MACHO X B MACHO 1.8M MULTILASER WI027
16143;7898506475063;CABO USB 2.0 A MACHO X B MACHO 3M MULTILASER WI273
16126;7898506475070;CABO USB 2.0 A MACHO X B MACHO 5M MULTILASER WI274
5877;7898458701432;CABO VGA 15MX15M WI042 MULTILASER
19992;7898506455058;CABO VGA 15MX15M WI208 MULTILASER 1,8MT
17986;7898506479436;CABO VGA(M) X VGA(M) 5M MULTILASER WI277
5634;7898458706598;CABO VIDEO MULTILASER COMPONENTE WI10072ML
5635;7898458706611;CABO VIDEO MULTILASER S-VIDEO WI10074ML WI074
5631;7898458706536;CABO VIDEO MULTILASER 1 RCA WI066
5633;7898458706574;CABO VIDEO MULTILASER 3,5MM WI10070ML
26292;7899838890463;CADEIRA ESCRITORIO GIRATORIA ADAPT C/ BRACO AJUSTAVEL MULTILASER GA204
24486;7899838890333;CADEIRA PRESIDENTE DELUXE GA202 MULTILASER
20638;7899838823300;CAFETEIRA GOURMET ELETRICA 30 XICARAS BE04 MULTILASER PRETA 220V
20871;7899838846163;CAFETEIRA 2 XICARAS MULTILASER BE010 C/FILTRO PERMANENTE
9849;7898476325399;CAIXA DE SOM BATMAN MULTILASER SP00011ML
17489;7899838802381;CAIXA DE SOM BLUETOOTH DJ STATION 120W RMS MULTILASER SP190
12499;7898506456406;CAIXA DE SOM MP3 BASS BOX MULTILASER SP117
7467;7898458704532;CAIXA DE SOM MULTILASER ACRILICO SP2.0029ACBIVML
18560;7899838811710;CAIXA DE SOM MULTILASER BLUETOOTH/LED/MICROFONE SP217
12287;7898149188078;CAIXA DE SOM MULTILASER DOUBLE BASS 30W SP118
17682;7899838801551;CAIXA DE SOM MULTILASER MULTIUSO C/MICROFONE SP191
17691;7899838808895;CAIXA DE SOM MULTILASER PULSE SP206 BLUETOOTH PRETA
17692;7899838808925;CAIXA DE SOM MULTILASER PULSE SP209 BLUETOOTH ROSA
8048;7898476327782;CAIXA DE SOM MULTILASER SP022 BETTYBOOP USB
8049;7898149185404;CAIXA DE SOM MULTILASER SP050 PTO USB
8096;7898149187286;CAIXA DE SOM MULTILASER SP053 USB PRETA
8841;7898476324699;CAIXA DE SOM MULTILASER SP090
16142;7898506463220;CAIXA DE SOM MULTILASER SP152 20W(RMS) SUPER BASS GAMER
5751;7898458706123;CAIXA DE SOM MULTILASER SP2.0042VEUBMO
26400;7898506474981;CAIXA DE SOM MULTILASER 14W RMS USB CONEXÃO P2  PRETO SP172
18293;7899838811697;CAIXA DE SOM MULTILASER 150W(RMS) TROLLEY SP219 AMPLIFICADORA BLUETOOTH
23546;7899838828640;CAIXA DE SOM MULTILASER 2.0 6W RMS SP261 ACABAMENTO MADEIRA
13997;7898506455010;CAIXA DE SOM MULTILASER 3W BLACK PIANO SP114
13990;7898476324637;CAIXA DE SOM MULTILASER 4W SP089 USB BLACK PIANO
8090;7898476325467;CAIXA DE SOM SPEAKER FLAT SP009 USB MULTILASER
9850;7898476324712;CAIXA DE SOM 2.0 MULTILASER SP091
19180;7898506460595;CAIXA DE SOM 2.0 USB PRETO MULTILASER SP144
8851;7898458706307;CAIXA DE SOM 2.0 USB PT MULTILASER SP044
22693;7899838879895;CAIXA DE SOM 2.1 USB BASS 20W BIVOLT PT MULTILASER SP377
18144;7898506454327;CAIXA SOM MULTILASER SP108 USB ICE SHINY
16905;7898506479832;CAMERA AUTOMOTIVA DVR HD MULTILASER AU013
16267;7898506473892;CAMERA BULLET SONY CCD 600TVL 6MM 25M IR MULTILASER SE009 CZA
14930;7898506459643;CAMERA DE RE VISAO NOTURNA MULTILASER AU002
15222;7898506467273;CAMERA E FILMADORA SPORTCAM HD DC180 MULTILASER 14MP
24836;7899838881140;CAMERA INTERNA WI-FI HD 3.6MM - LIV MULTILASER SE223
5757;7898458706161;CAMERA USB MULTILASER WC37304
429800;7898149185206;CAMERA USB WC300 C/ MIC MULTILASER
18142;7899838807157;CANETA APRESENTADOR GREEN LASER MULTILASER AC278
5645;7898458704495;CARREG BATERIA CB43100 MULTILASER USB P CARROS
17109;7899838806990;CARREGADOR AUTOMOTIVO USB DISPLAY MULTILASER CB079
21787;7899838808239;CARREGADOR AUTOMOTIVO 2 USB 2.1A C/ CABO MICRO USB ESPIRAL CB083 MULTILASER
20740;7899838802435;CARREGADOR AUTOMOTIVO 3 USB 3.1A CB074 MULTILASER
22355;7898506456369;CARREGADOR C/ PILHAS AA MULTILASER CB054
14497;7898506451609;CARREGADOR C/ PILHAS AA/AAA MULTILASER CB045
18703;7899838818450;CARREGADOR DE PAREDE USB BRANCO CB105 MULTILASER 
17110;7899838807003;CARREGADOR DE PAREDE USB MULTILASER CB080
18702;7899838818443;CARREGADOR DE PAREDE USB PRETO MULTILASER CB104
27346;7899838815473;CARREGADOR DE PILHAS MULTILASER 4X AA 4X AAA 12 HORAS CB093
9578;7898476327935;CARREGADOR PARA NOTE VEICULAR MULTILASER CB00005ML
27046;7898149184391;CARTAO DE MEMORIA MULTILASER ADAPTADOR USB DUAL DRIVE + ADAPTADOR SD 128GB MC153
14173;7898506461837;CASE E BASE GIRATORIA TABLET 7 MULTILASER BO189 PTO
14499;7898506462551;CASE E SUPORTE COM ALCA P/TABLET 7 MULTILASER BO197 PTO
15751;7898458708707;CASE NEOPRENE PARA NOTEBOOK 14 PRETO MULTILASER BO006
19999;7898506462865;CASE NEOPRENE PARA NOTEBOOK 14 PRETO/CINZA MULTILASER BO207
16153;7898506462964;CASE NEOPRENE PARA NOTEBOOK 14 ROSA/PRETO MULTILASER BO300
14502;7898506462841;CASE NEOPRENE PARA TABLET 7 PRETO/CINZA MULTILASER BO205
18451;7899838816654;CASE NOTEBOOK 15,6 NEOPRENE PRETO/CINZA MULTILASER BO400
9129;7898506450220;CASE PARA CAMERA MULTILASER BO041
9131;7897017852653;CASE PARA CAMERA MULTILASER BO265
12658;7898506454334;CASE PARA HD BLACK PIANO  MULTILASER GA077
24799;7898506475360;CASE PARA HD DOCKING SATA 2,5 E 3,5 MULTILASER GA125
24375;7898506467181;CASE PARA HD EXTERNO 3,5 C/ VENTILADOR MULTILASER GA119
12655;7898506454341;CASE PARA HD WHITE  MULTILASER GA080
12495;7898476323210;CASE PARA HD 2,5 NOTE MULTILASER GA030
14933;7898506463978;CASE PARA HD 2,5 NOTE MULTILASER GA117 AZUL
20404;7898506467174;CASE PARA HD 3,5  MULTILASER GA118
12496;7898476323258;CASE PARA HD 3,5 C/VENTILADOR MULTILASER GA034
21716;7899838801803;CASE PARA SSD 2,5  MULTILASER GA138
16331;7898506462988;CASE PARA TABLET 7 DUPLA CAMADA MULTILASER BO301
16330;7898506469772;CASE PARA TABLET 7 ROSA MULTILASER BO214
14747;7898506462988;CASE TABLET DUPLA CAMADA PRETO MULTILASER BO301
14746;7898506462957;CASE TABLET E NETBOOK 10 ROSA E PRETO MULTILASER BO209
13185;7898506456819;CASE TABLET 10 NEOPREME PT/CZ MULTILASER BO143
13002;7898506456017;CASE TABLET 7 NEOPREME PRETO MULTILASER BO098
13186;7898506456598;CASE TABLET 7 NEOPREME PT/CZ MULTILASER BO117
13880;7898506460656;CASE TABLET 7 NEOPREME PTO/ AZ MULTILASER BO165
13879;7898506460649;CASE TABLET 7 NEOPREME ROSA/PRETO MULTILASER BO164
14324;7898506456581;CASE TABLET 7 NEOPRENE PRETO/ROSA MULTILASER BO116
14742;7898506462278;CASE TABLET 7 PREMIUM PRETO MULTILASER BO191
14171;7898506461554;CASE TABLET 7 RETRO MULTILASER BO182
14436;7898506461561;CASE TABLET 8 PRETO MULTILASER BO183
14743;7898506462292;CASE TABLET 9,7 PREMIUM PRETO MULTILASER BO193
9563;7898476323142;CD MULTILASER LIGHTSCRIBE C/ 25 UND
7556;7898476323159;CD MULTILASER LIGHTSCRIBE UND BOX CD004
16906;7898506474738;CD-R MULTILASER C /50 CD051
18152;7898149183196;CDR MULTILASER ENVELOPE UND CD006
5747;7898149186876;CDR MULTILASER IMPRIMIVEL C/100 BRANCO CD021
7076;7898458706086;CDR MULTILASER 25 UND BRANCO
5167;7898458702125;CDR MULTILASER 25 UND VERMELHO
16250;7898506476589;CD-R W MULTILASER ENVELOPE UND CD037
4651;7898149186425;CDRW MULTILASER UND BOX CD017
9908;7898458705065;CDRW MULTILASER UND ENVELOPE CD028
5243;7898149189273;CDRW MULTILASER 25UND
22478;7899838864655;CELULAR MULTILASER E LITE P9099
22613;7899838889207;CELULAR MULTILASER E LITE 32GB PRETO P9126
20299;7899838823140;CELULAR MULTILASER VITA P9048
21736;7899838810553;CELULAR MULTILASER 3G P9017
20445;7899838839240;CELULAR UP PLAY MULTILASER P9076 PTO
20498;7899838839257;CELULAR UP PLAY MULTILASER P9077 BRANCO
16990;7899838802459;CHAVEIRO STAR WARS UNIDADE  MULTILASER BR349
19038;7899838800479;CHUPETA OCEAN PP AZUL MULTILASER BB135
23484;7899838878409;CHURRASQUEIRA ELETRICA 220V - 2000W C/PEDESTAL CE134 MULTILASER
21869;7899838835785;CHURRASQUEIRA ELETRICA 220V - 2000W C/PEDESTAL/SELETOR DE TEMPERATURA CE046 MULTILASER
20291;7899838833422;CHURRASQUEIRA ELETRICA 220V CE034 MULTILASER
23483;7899838878386;CHURRASQUEIRA ELETRICA 220V CE132 MULTILASER PREMIUM
20309;7899838823737;CHURRASQUEIRA ELETRICA 220V CE20 MULTILASER
16326;7898506469802;CICLO COMPUTADOR 11FUNCOES BI001 MULTILASER
18343;7899838805832;CONECTOR P4 FEMEA UNID MULTILASER SE128
19148;7899838805771;CONECTOR VIDEO BALUN MULTILASER SE123
15407;7898506467280;CONTROLE JOYPAD DUAL SHOCK PS2/PS3/PC USB/PS2 MULTILASER JS071
15406;7898506454464;CONTROLE JOYPAD DUAL SHOCK XPAD PC/XBOX 360 MULTILASER JS063
21521;7899838822983;CONTROLE JOYPAD WARRIOR TAKEO S/FIO  PC/PS3  MULTILASER JS084
12340;7898506454457;CONTROLE JOYSTICK PS3/PC MULTILASER JS062
8647;7898458702408;CONTROLE JOYSTICK USB MULTILASER JS028
18999;7899838809090;CONVERSOR DE TV DIGITAL MULTILASER RE207
16246;7898506455706;COOLER DUPLO P/NOT MULTILASER AC127
18555;7899838801759;COOLER FAN 12X12CM LED AZUL MULTILASER GA135
18561;7899838801766;COOLER FAN 12X12CM LED VERMELHO MULTILASER GA136
20511;7899838843551;COOLER P/ NOTEBOOK WARRIOR LOTHAIRE C/ LED MULTILASER AC327
19197;7898506459162;COOLER PARA NOTEBOOK VERTICAL MULTILASER AC166
19918;7898476329816;COOLER PARA NOTEBOOK WARRIOR POWER GAMER LED VERDE MULTILASER AC267
16018;7898476328185;COOLER PROCESSADOR INTEL 775 MULTILASER GA043
16247;7898506471409;COOLER SLIM P/NOT MULTILASER AC263
16020;7898506467341;COOLER UNIVERSAL 1155/1156/775 INTEL/AMD MULTILASER GA120
14437;7898476328192;COOLER VENTILADOR SLEEVE BEARING 80X80MM MULTILASER GA044
20822;7899838837475;CORDAO OPTICO SC-APC/SC-APC 3M 2MM RE877 MULTILASER - FIBERHOME
20821;7899838837482;CORDAO OPTICO SC-UPC/SC-APC 3M 2MM RE878 MULTILASER - FIBERHOME
15745;7898506462827;DESCANSO DE CABECA COM TELA DVD MULTILASER AU303 CINZA
14683;7898506462797;DESCANSO DE CABECA COM TELA MULTILASER AU300 PRETO
14929;7898506462803;DESCANSO DE CABECA COM TELA MULTILASER AU301 CINZA
15221;7898506462810;DESCANSO DE CABECA COM TELA MULTILASER AU302 PRETO
19919;7899838807164;DESCANSO ERGONOMICO AJUSTAVEL PARA PES MULTILASER AC279
19917;7898476325955;DESCANSO ERGONOMICO PARA PES MULTILASER AC059
22477;7899838894089;DESKTOP MULTILASER AMD RYZEN 3 4GB 1TB LINUX DT050
22089;7899838832050;DISCO SOLIDO AXIS400 MULTILASER SSD 120GB 2.5 SATA III SS101
22090;7899838852058;DISCO SOLIDO AXIS400 M.2 2242 4,2 CM MULTILASER SSD 120GB  400 MB/S  SS104
23252;7899838893563;DISCO SOLIDO AXIS500 MULTILASER SSD 240GB M.2 2.5 SATA III SS204
17983;7899838818054;DISCO SOLIDO MULTILASER SSD 240GB 2.5 SATA III SS200
20168;7899838834184;DRONE SHARK WIFI C/ CAMERA HD MULTILASER ES177
18481;7899838804224;DRONE SKY LASER C/CAMERA 2.0 MULTILASER BR385
8481;7898458705645;DVD BLU-RAY MULTILASER 25GB DV012
15749;7898476328727;DVD MULTILASER ENVELOPE UND DV001
9564;7898476323111;DVD MULTILASER LIGHTSCRIBE C/ 25 UND DV030
17782;7899838801599;DVD PLAYER C/HDMI 5.1 CANAIS/KARAOKE/USB PRETO MULTILASER SP193
4923;7898458702606;DVD+R DUAL LAYER MULTILASER 8.5 GB BOX DV002
13993;7898506461233;DVD+R DUAL LAYER PRINT BCO 8.5GB MULTILASER BOX DV055
380201;7898149183790;DVD-R MULTILASER C/ 100 DV100
5564;7898458705867;DVD-R MULTILASER C/10 UN  DV019
18153;7898149186814;DVD-R MULTILASER ENVELOPE UND DV018
17303;7898506454747;DVD-R MULTILASER IMPRIMIVEL PINO COM 50 UND BRANCO DV052
18154;7898506454013;DVD+R MULTILASER PINO COM 50 UND DV047
17304;7898506474790;DVD-R MULTILASER PINO COM 50 UND DV060
13597;7898506451968;DVD-R MULTILASER PINO C/100 DV037
17115;7898506474806;DVD-R MULTILASER PINO C/50 DV061
9885;7898506453030;DVD-R MULTILASER PRINT PLUS C/ 50 UN
5168;7898458705652;DVD-R MULTILASER 15GB BOX
4449;7898149186517;DVD-RW MULTILASER PINO C/10
16248;7898506456079;DVD-RW MULTILASER PINO C/10 4.7GB 4X DV054
19933;7899838829098;ESCOVA  SECADORA MODELADORA BEAUTY EB015 MULTILASER
19934;7899838830278;ESCOVA ALISADORA BEAUTY EB018 MULTILASER
19502;7899838824031;ESCOVA ALISADORA EB10 MULTILASER
20878;7899838834313;ESCOVA DE DENTE ELETRICA ADULTO MULTILASER HC086
20876;7899838834092;ESCOVA DE DENTE ELETRICA INFANTIL DINOSSAURO MULTILASER HC080
21127;7899838834276;ESCOVA DE DENTE ELETRICA INFANTIL JACARE MULTILASER HC100
21128;7899838834283;ESCOVA DE DENTE ELETRICA INFANTIL PONEI MULTILASER HC101
20877;7899838834108;ESCOVA DE DENTE ELETRICA INFANTIL UNICORNIO MULTILASER HC081
19501;7899838823713;ESCOVA ROTATIVA MODELADORA EB09 MULTILASER
20879;7899838835129;FERRO DE PASSAR A SECO MULTILASER HO017
26404;7898506459773;FILTRO DE LINHA MULTILASER 6 TOMADAS LINEAR WI222
10564;7898506452323;FILTRO DE LINHA 3T MULTILASER WI188
16144;7898506459742;FILTRO DE LINHA 4T MULTILASER WI219
19001;7899838809366;FILTRO DE LINHA 5T BRANCO MULTILASER  WI300
19000;7899838806730;FILTRO DE LINHA 5T PRETO MULTILASER  WI297
16154;7898506459766;FILTRO DE LINHA 6T PRETO MULTILASER  WI221
18138;7898506476572;FONE BLUETOOTH MULTILASER AU203
24001;7899838894058;FONE BLUETOOTH TWS AIRBUD PH358  MULTILASER PRETO
13844;7898506458134;FONE C/MICROFONE AURICULAR PRATA MULTILASER PH062
13858;7898506458103;FONE C/MICROFONE AURICULAR PRETO MULTILASER PH059
13882;7898506458127;FONE C/MICROFONE AURICULAR ROSA/BRANCO MULTILASER PH061
13387;7898506458110;FONE C/MICROFONE AZ MULTILASER PH060
9846;7898149186098;FONE C/MICROFONE PRETO MULTILASER PH002
19504;7899838807423;FONE C/MICROFONE RETRATIL GAMER VD MULTILASER PH146
19503;7898506460175;FONE C/MICROFONE RETRATIL GAMER VM MULTILASER PH073
15047;7898506463657;FONE DE OUVIDO AURICULAR BRANCO MULTILASER PH087
15048;7898506463664;FONE DE OUVIDO AURICULAR ROSA MULTILASER PH088
15223;7898506467198;FONE DE OUVIDO BARBIE MULTILASER PH098
15131;7898506460403;FONE DE OUVIDO BLUETOOTH MULTILASER AU200
14923;7898506466580;FONE DE OUVIDO BLUETOOTH MULTILASER PH097
21023;7899838838564;FONE DE OUVIDO BLUETOOTH MULTILASER PH256 PRETO
21024;7899838838571;FONE DE OUVIDO BLUETOOTH MULTILASER PH257 BRANCO
24281;7899838833316;FONE DE OUVIDO BLUETOOTH MULTILASER POP PRETO PH246
18566;7899838808246;FONE DE OUVIDO BLUETOOTH MULTILASER PULSE PH153 C/ARCO
20733;7899838822402;FONE DE OUVIDO BLUETOOTH MULTILASER PULSE PH230 PRETO
20734;7899838822433;FONE DE OUVIDO BLUETOOTH MULTILASER PULSE PH233 AMARELO
24282;7899838876153;FONE DE OUVIDO C/ MICROFONE MULTILASER PRO P2 PRETO PH316
8843;7898149189983;FONE DE OUVIDO C/MICROFONE MULTILASER PH031
21325;7899838822747;FONE DE OUVIDO COM MICROFONE SMARTO GO PRETO  MULTILASER PH208
15132;7898506463671;FONE DE OUVIDO FUN AZUL MULTILASER PH089
18467;7899838808055;FONE DE OUVIDO HEADPHONE BLUETOOTH MULTILASER BRANCO PH152
18466;7899838808024;FONE DE OUVIDO HEADPHONE BLUETOOTH MULTILASER PRETO PH150
18833;7899838808048;FONE DE OUVIDO HEADPHONE BLUETOOTH MULTILASER PRETO/AMARELO PH151
21025;7899838844152;FONE DE OUVIDO HEADPHONE BLUETOOTH 4 EM 1 MULTILASER PH264 PRETO
21026;7899838844176;FONE DE OUVIDO HEADPHONE BLUETOOTH 4 EM 1 MULTILASER PH266 VERMELHO
18453;7898506475452;FONE DE OUVIDO HEADPHONE MP3/FM/SD MULTILASER PH111
15414;7898506467204;FONE DE OUVIDO MONSTER HIGH ESTAMPA MULTILASER PH099
10387;7898506453887;FONE DE OUVIDO MULTILASER PH043
16147;7898506459476;FONE DE OUVIDO MULTILASER PH066
17111;7899838806952;FONE DE OUVIDO MULTILASER PH145
21402;7899838808260;FONE DE OUVIDO MULTILASER PULSE PH155 ROSA/BRANCO
20732;7899838807997;FONE DE OUVIDO MULTILASER P2 PH148 AMARELO
21052;7899838805528;FONE DE OUVIDO NEON MULTILASER PH136
18711;7898149189921;FONE DE OUVIDO PH006 MULTILASER PRETO
18704;7899838818504;FONE DE OUVIDO PH213 MULTILASER PRETO
18705;7899838818511;FONE DE OUVIDO PH214 MULTILASER BRANCO
22189;7899838876788;FONE DE OUVIDO PRETO MULTILASER PH322
8254;7898149186036;FONE DE OUVIDO PT/PTA MULTILASER PH004
17310;7899838801728;FONE DE OUVIDO P2 CABO PC/NOTEBOOK NYLON MULTILASER PH120
8680;7898149189945;FONE DE OUVIDO SPORT MULTILASER PH016
22210;7899838876764;FONE DE OUVIDO TWS AIRBUD BRANCO MULTILASER PH326
26846;7899838876160;FONE DE OUVIDO USB C/ MICROFONE MULTILASER PRETO PH317
16149;7898506462155;FONE DE OUVIDO XTREAM 360 MULTILASER PH083
8246;7898149189969;FONE EMBUTIDO MULTILASER PH027
8255;7898149189976;FONE HASTE FLEXIVEL PRETO MULTILASER PH030
8257;7898458703375;FONE MULTILASER C/REDUTOR DE RUIDO PH52202
8674;7898458702347;FONE OUVIDO MULTILASER PH50209 BRANCA
8247;7898149186050;FONE PRATA MULTILASER PH026
8256;7898458704051;FONE S/FIO MULTILASER PRETO PH036
25947;7898476328079;FONTE ATX 200W GA039 S/CABO MULTILASER
24484;7898506462070;FONTE ATX 200W GA114BU S/CABO MULTILASER
21795;7899838838625;FONTE ATX 200W (REAL) MULTILASER GA200BU
20872;7899838830445;FORNO ELETRICO 46L MULTILASER CE026
5384;7898458709117;FRAGMENT PAPEL CD MULTILASER EQ300 120V
7747;7898458709094;FRAGMENT PAPEL 5F MULTILASER EQ100 120V
24277;7899838890142;FRAGMENTADORA MULTILASER 220V PAPEL 6 FOLHAS E CARTAO OF010
20942;7899838850917;GABINETE GAMER KAROK WARRIOR GA177 MULTILASER
20944;7899838850924;GABINETE GAMER MODOC WARRIOR GA178 MULTILASER
20295;7899838815145;GABINETE GAMER WARRIOR GA154 MULTILASER
20296;7899838819815;GABINETE GAMER WARRIOR GA155 MULTILASER
22243;7899838864389;GABINETE MICRO  MULTILASER C/FONTE 200W GA190
22801;7898149184346;GAVETEIRO C/ 3 GAVETAS COM RODÍZIOS BRANCO FOSCO EI072 MULTILASER
16255;7898506475605;GPS TRACKER MULTILASER III 4.3 TOUCHSCREEN GP033
16370;7898506475643;GPS TRACKER MULTILASER III 5 TOUCHSCREEN GP037
13841;7898506455386;GPS TRACKER MULTILASER 4.3 C/TV DIGITAL E FM GP012
16361;7898506475612;GPS TRACKER MULTILASER 4.3 C/TV DIGITAL E FM GP034
14932;7898506466665;GPS TRACKER P/MOTO 4.3 MULTILASER GP022
13164;7898506454471;GUITARRA MULTILASER USB PC/ X360 JS064
13849;7898476328611;GUITARRA S/FIO MULTILASER P/PLAY JS027
17116;7898506477067;HEADPHONE DJ C/MICROFONE REMOVIVEL P2 MULTILASER PH117
17311;7899838804910;HEADPHONE FROZEN FUN MULTILASER PH129
17118;7899838804927;HEADPHONE FROZEN POP ESTAMPA ELZA MULTILASER PH130
17117;7898506475568;HEADPHONE FUN PRETO MULTILASER PH115
13859;7898506459483;HEADPHONE HOT BEAT BRANCO MULTILASER PH067
13173;7898506458011;HEADPHONE MULTILASER POP PT PH053
13167;7898506458035;HEADPHONE MULTILASER VIBE ROSA PH055
13857;7898506458028;HEADPHONE VIBE POP BRANCO MULTILASER PH054
18949;7899838814957;HOME THEATER 5.1 DVD 240W MULTILASER SP224
12500;7898506454549;HOME THEATER 5.1 USB  SD RADIO FM PRETA MULTILASER SP110
14329;7898506461387;HOME THEATER 5.1 USB 4 EM 1 DVD/CD MULTILASER SP148 PRETO
10019;7898476326792;HUB FLEXIVEL USB 2.0 MULTILASER AC064
9828;7898476325344;HUB USB 2.0 4 PORTAS MULTILASER AC042
17480;7898506454136;HUB USB 3 PORTAS + LEITOR DE CARTÃO UNIV 2.0 MULTILASER AC121
20194;7899838816500;HUB USB 3.0 4 PORTAS MULTILASER AC289
16261;7898506462018;INVERSOR DE POTENCIA 150W-220V MULTILASER AU901
20982;7899838822990;IRRIGADOR ORAL PORTATIL RECARREGAVEL MULTILASER HC036
8087;7898476329137;JOYPAD DUAL SHOCK P/ PLASTATION 2  JS043 MULTILASER
8648;7898458702415;JOYSTICK USB+CABO P/PLAY PT MULTILASER JS029
14691;7898506461059;KIT DE EMERGENCIA 4 EM 1 MULTILASER AU602
21525;7899838842912;KIT FERRAMENTAS PARA CELULARES E NOTEBOOKS MULTILASER GA163
18139;7898506471362;KIT FERRAMENTAS 24 PECAS MULTILASER AU310
10384;7898506452866;KIT NOTE MULTILASER AC119
5622;7898458705768;KIT NOTEBOOK MULTILASER ACKT003PRUSBML PTO
8644;7898476322428;KIT PARA NOTEBOOK 6X1 MULTILASER AC00054ML
24289;7899838858777;KIT TECLADO E MOUSE COM FIO MULTILASER TC240 PRETO USB
26401;7899838807171;KIT TECLADO E MOUSE S/ FIO MULTILASER CS900 PRETO TC202
26294;7899838887456;KIT TECLADO E MOUSE S/ FIO MULTILASER PRETO TC251
24009;7899838849836;KIT TECLADO E MOUSE SEM FIO MULTILASER TC233 AZUL
18140;7898506460526;KIT VIVA-VOZ BLUETOOTH MULTILASER AU201
21518;7899838865522;KIT 50 BROCAS PARA FURADEIRA E PARAFUSADEIRA MULTILASER HO062
20310;7899838811536;LEITOR BIOMETRICO DIGITAL USB MULTILASER GA151
23928;7898476327348;LEITOR DE CARTAO UNIVERSAL EXTERNO MULTILASER AC076
15220;7898476327195;LEITOR DE CARTAO UNIVERSAL INTERNO AC069 MULTILASER
16907;7898506475742;LEITOR DE COD DE BARRAS LASER MULTILASER GA126
17973;7899838809151;MALETA P/ NOTE PRETA MULTILASER ATE 15.6 BO397
17186;7899838807058;MEMORIA DDR3 4GB PC3-12800 MULTILASER MM410
23768;7899838818245;MEMORIA DDR3 4GB 1600 MD3512NSA-CA3G1 MULTILASER MM410BU PC-12800
17458;7899838807065;MEMORIA DDR3 8GB PC3-12800 MULTILASER MM810
18909;7899838826776;MEMORIA DDR4 4GB NOTEBOOK PC4-19200 MULTILASER MM424
21870;7899838836393;MEMORIA MICRO SD 16GB CLASSE10 + LEITOR USB MULTILASER MC162
21871;7899838836409;MEMORIA MICRO SD 32GB CLASSE10 + LEITOR USB MULTILASER MC163
23906;7899838836416;MEMORIA MICRO SD 64GB CLASSE10 + LEITOR USB MULTILASER MC164
19619;7898506468515;MESA P/ NOTEBOOK MADEIRA DOBRAVEL MULTILASER AC248
22804;7898149184384;MESA PARA COMPUTADOR DE CANTO 90X90CM BRANCO FOSCO - EI076 MULTILASER
22803;7898149184377;MESA PARA COMPUTADOR 136CM BRANCO FOSCO - EI075 MULTILASER
22802;7898149184360;MESA PARA COMPUTADOR 90CM BRANCO FOSCO - EI074 MULTILASER
25533;7899838871516;MESA PORTATIL MADEIRA MULTILASER AC343 NOTEBOOK 15.6
20974;7899838837178;MICROFONE GAMER C/ LED WARRIOR MULTILASER PH255
16660;7898506467969;MINI GELADEIRA PORTATIL 4 LITROS TV005 MULTILASER
8678;7898476321353;MINI MOUSE EMBOR. ROSA MULTILASER MO116
8651;7898476326174;MINI MOUSE EMBORRACHADO USB GELO MULTILASER MO029
8088;7898476326907;MINI MOUSE EMBORRACHADO USB MO035 MULTILASER MO035
18557;7898506454648;MINI MOUSE FIT  MULTILASER MO154 USB
9107;7898476321407;MINI MOUSE MULTILASER VERM MO119
8650;7898476325658;MINI MOUSE PRETO USB MULTILASER MO027
15721;7898506462247;MINI MOUSE RETRATIL P/NOT USB MULTILASER PT MO182
20405;7898506471379;MINI MOUSE RETRATIL USB MULTILASER MO205
21645;7899838836010;MIXER MULTILASER 200W/220V VERMELHO FP012
21646;7899838824277;MIXER MULTILASER 220V/350W PRETO 2 VELOCIDADES TURBO FP04
16327;7898506472727;MOCHILA DE HIDRATACAO MULTILASER BI019
17972;7898506462544;MOCHILA P/ NOTE ATE 15.6 PRETA MULTILASER BO200
24274;7898458703498;MOUSE + MOUSE PAD GAMER MULTILASER MO306 3200DPI VERMELHO USB
13843;7898506453788;MOUSE BLACK PIANO MULTILASER MO139
21648;7899838821559;MOUSE BOX OPTICO  MULTILASER MO255 PRETO
15752;7898506460205;MOUSE CLASSIC BOX OPT USB MULTILASER MO179 PRETO
16145;7898506460212;MOUSE CLASSIC BOX OTP USB MULTILASER MO180 PRATA
18143;7898476326716;MOUSE CLASSIC BOX PS2 MULTILASER MO030
21658;7898476329939;MOUSE CLASSIC BOX USB MULTILASER MO130
22921;7899838882345;MOUSE CLASSIC BOX USB MULTILASER MO300 FULL BLACK
13158;7898476326754;MOUSE CLASSIC MULTILASER MO034 GELO
13230;7898476321476;MOUSE CLASSIC USB MULTILASER MO007 PRETO
13995;7898506454150;MOUSE COLORS BLACK USB MULTILASER MO141
13856;7898506454143;MOUSE COLORS ICE USB MULTILASER MO140
13991;7898506454174;MOUSE COLORS MAGENTA USB MULTILASER MO143
13881;7898506451920;MOUSE COLORS STEEL ICE USB MULTILASER MO134
26392;7899838812694;MOUSE COM FIO MULTILASER USB 1600DPI  6 BOTOES  PRETO MO241 MF500
8514;7898458704600;MOUSE E CONTR. REMOTO LASER S/FIO MULTILASER 2703
19499;7898506473946;MOUSE FIRE GAMER PTO/VD USB MULTILASER MO208
19500;7899838807140;MOUSE FIRE GAMER PTO/VM USB MULTILASER MO236
10544;7898506454655;MOUSE FIT MULTILASER BRANCO MO155
10546;7898506454662;MOUSE FIT MULTILASER ROSA MO156
10547;7898506454679;MOUSE FIT MULTILASER VERMELHO MO157
22091;7899838813325;MOUSE GAMER MULTILASER MO250 USB 6 BOTOES 3200 DPI
15748;7898506463183;MOUSE GAMER PRO LASER 8 BOTOES USB MULTILASER MO191 PT
9088;7898476321360;MOUSE MINI MULTILASER MO118
5625;7898149188849;MOUSE MINI MULTILASER PTO/PRATA USB MO097
17367;78988506469598;MOUSE MINI RETRATIL USB MULTILASER MO197
8840;7898476321377;MOUSE MINI USB MULTILASER MO120 VERMELHO
22574;7899838876849;MOUSE MULTILASER BOX OPTICO USB MO294 BRANCO
6649;7898149183974;MOUSE MULTILASER MO073 USB
9120;7898476323500;MOUSE MULTILASER USB MO012
16362;7898476323470;MOUSE OPTICO MULTILASER MO009 PRETO/PRATA
13837;7898476320745;MOUSE PAD GEL MULTILASER PEQUENO AC021
9118;7898476327102;MOUSE PAD MULTILASER UND AC066
19179;7898506470440;MOUSE S/ FIO 2.4GHZ P/ TABLET E PC 1200DPI PTO/CIN MULTILASER MO200
19178;7899838815787;MOUSE S/ FIO 2.4GHZ 1200DPI PRETO MULTILASER MO251
20731;7899838816685;MOUSE SEM FIO BLUETOOTH PRETO MULTILASER MO254
22480;7898506479542;MOUSE SEM FIO PRETO MULTILASER MO221
24271;7899838876238;MOUSE SEM FIO PRETO MULTILASER MO284 ERGONOMICO 1600DPI USB
22481;7899838876245;MOUSE SEM FIO PRETO MULTILASER MO285
24272;7899838887432;MOUSE SEM FIO PRETO MULTILASER MO290 2.4GHZ 1600DPI RECARREGAVEL USB
24273;7899838887449;MOUSE SEM FIO PRETO MULTILASER MO291 2.4GHZ 2400DPI RECARREGAVEL USB
24286;7899838894959;MOUSE SEM FIO PRETO MULTILASER RA009 2.4GHZ RAPOO BLUETOOTH USB
25242;7899838861296;MOUSE SEM FIO WAVE LITIO 1600DPI 6 BOT PRETO MULTILASER MO277
19621;7899838832074;MOUSE SEM FIO 2.4 GHZ USB BOX MULTILASER PRETO MO264
14926;7898506454259;MOUSE S/FIO MINI USB MULTILASER MO152 BCO
15410;7898506454280;MOUSE S/FIO 2.4GHZ ARC USB PRETO MULTILASER MO153
12489;7898506457038;MOUSE SLIM BLACK PIANO USB MULTILASER MO166
17485;7898506457052;MOUSE SLIM ICE USB MULTILASER MO168
12490;7898506457045;MOUSE SLIM PINK USB MULTILASER MO167
9845;7898506451944;MOUSE STEEL ROSA USB MULTILASER MO136
10021;7898506451906;MOUSE STEEL USB MULTILASER MO132
9844;7898506451913;MOUSE STEEL VERM USB MULTILASER MO133
13861;7898476323487;MOUSE USB PT/PTA MULTILASER MO010
5598;7898149186531;MOUSE WIRELESS MULTILASER 1801
6839;7898476321650;MOUSE WIRELESS MULTILASER 3403 AZUL
17781;7899838807928;MULTIMETRO DIGITAL PRETO MULTILASER AU325
23731;7899838896601;NOTEBOOK MULTILASER LEGACY PC310 14 QUAD CORE 4G 64GB WIN 10 HOME
21631;7899838854199;ONU EPON BRIDGE 1GE MULTILASER RE780
22050;7899838874227;ONU GPON BRIDGE 1GE MULTILASER RE709
21632;7899838837086;ONU GPON BRIDGE 1GE MULTILASER RE880
20428;7899838824291;PANELA DE ARROZ ELETRICA CE04 MULTILASER PRETA CAPAC 5 XICARAS 220V
21137;7899838823348;PANELA DE ARROZ ELETRICA CE06 MULTILASER PRETA CAPAC 10 XICARAS 220V
20290;7899838823485;PANELA DE PRESSAO ELETRICA 4L 220V CE018 MULTILASER
14328;7898458703283;PAPEL PHOTO MICROPOROSO MULTILASER A4 10FLS 260GR PE018
13590;7898476329588;PAPEL PHOTO MULTILASER A4 10FLS 180GR PE030
9636;7898458704334;PAPEL PHOTO MULTILASER A4 50FL 200GR PE012
20882;7899838838007;PARAFUSADEIRA E FURADEIRA 12V BIV MULTILASER HO032 16 NIVEIS DE TORQUE DUPLA ROTACAO
21409;7899838853383;PARAFUSADEIRA E FURADEIRA 12V BIV MULTILASER HO045
20880;7899838837994;PARAFUSADEIRA 4.8V BIV LED 11 ACESSORIOS MULTILASER HO031
12284;7898506456437;PASTA P/NOTE 14 CASUAL MULTILASER BO101
12283;7898506456420;PASTA P/NOTE 14 CASUAL PRETA MULTILASER BO100
21707;7899838864471;PASTA P/NOTE 14.1 SWISSPACK BUSINESS PRETO MULTILASER BO425
12492;7898506456734;PASTA P/NOTE 15 AGILE PRETA MULTILASER BO134
21706;7899838864464;PASTA P/NOTE 15.6 SWISSPACK BUSINESS MULTILASER BO424
21873;7899838872544;PATINETE ELETRICO ATRIO ASSISTIDO ROAD DOBRÁVEL 8 POL MULTILASER ES251
19951;7899838832081;PATINETE ELETRICO ATRIO MULTILASER ES172
21872;7899838858746;PATINETE ELETRICO ATRIO URBAN DOBRÁVEL 8,5 POL MULTILASER ES246
23133;7899838898155;PATINETE ELETRICO URBAN X 8,5 POL 350W MULTILASER ES324
21874;7899838860459;PATINETE ROAD FREIO A DISCO MULTILASER ES261
16540;7898506479030;PEN DRIVE DUAL 8GB P/SMARTPHONE MULTILASER PD507
22197;7899838875002;PEN DRIVE 16GB MULTILASER DIAMOND METALICO PD850
20085;7898506458844;PEN DRIVE 16GB MULTILASER NANO PD054
22193;7898476326136;PEN DRIVE 16GB MULTILASER TWIST PRETO PD588
22198;7899838874968;PEN DRIVE 32GB MULTILASER DIAMOND METALICO PD851
21418;7898506458851;PEN DRIVE 32GB MULTILASER NANO PRETO PD055
22194;7898476328710;PEN DRIVE 32GB MULTILASER TWIST PRETO PD589
22199;7899838874975;PEN DRIVE 64GB MULTILASER DIAMOND METALICO PD852
22196;7898506456345;PEN DRIVE 64GB MULTILASER TWIST PRETO PD590
19990;7898506458837;PEN DRIVE 8GB MULTILASER NANO PRETO PD053
17335;7899838810485;PEN DRIVE 8GB MULTILASER TITAN COLORS PD720
15411;7898476326129;PEN DRIVE 8GB MULTILASER TWIST 2 PRETO PD587
12494;7898458700237;PILHA RECARREGAVEL AA C/2 MULTILASER CB053
12493;7898458700251;PILHA RECARREGAVEL AAA C/2 MULTILASER CB051
20427;7899838830735;PIPOQUEIRA ELETRICA 1200W CE028 MULTILASER VERMELHA 220V
21077;7899838852195;PIPOQUEIRA ELETRICA 1200W CE075 MULTILASER 220V
17305;7899838805566;PLACA DE SOM MULTILASER 3D 5.1 PCI EXPRESS GA140
19177;7898506477081;PLACA PCI-E 2 SERIAIS X 1 PARALELA MULTILASER GA128
19039;7899838819648;PORTA MAMADEIRA TERMICO AZUL MULTILASER BB283
7162;7898506453993;PORTA RETRATO DIGITAL 7 MULTILASER P3109
17108;7899838806983;POWER BANK MULTILASER CB078
22187;7899838874760;POWER BANK 10000MAH CB143 MULTILASER
22188;7899838874777;POWER BANK 20000MAH CB144 MULTILASER
18699;7899838818405;POWER BANK 2200MAH CB100 MULTILASER
18700;7899838818412;POWER BANK 2200MAH CB101 MULTILASER
18698;7899838818085;POWER BANK 4000MAH MULTILASER CB097
18745;7899838819617;POWER STATION 10.000 MAH MULTILASER CB106
19494;7899838829548;PRANCHA CERAMICA EB016 MULTILASER
19938;7899838823683;PRANCHA CERAMICA MODELADORA BEAUTY EB06 MULTILASER
24006;7898458701982;PROJETOR MULTILASER 2200 LUMENS PJ003 SMART SCREEN LINUX
25355;7898458701999;PROJETOR MULTILASER 4500 LUMENS PJ004 SMART SCREEN LINUX
16992;7898506469581;RADIO AUTOMOTIVO COM LEITOR USB-SD WAVE FIESTA MULTILASER P3265
20874;7899838817460;RAQUETE ELETRICA MATA INSETOS MULTILASER HC034
21131;7899838834931;REFIL P/ ESCOVA DENTAL ELETRICA INFANTIL MULTILASER HC108
21130;7899838834610;REFIL P/ ESCOVA DENTAL ELETRICA ROTACIONAL ADULTO DEEP CLEAN MULTILASER HC105
21560;7899838845364;RELOGIO SW2 BLUET TELA TOUCH LEITURA DE MENSAG MONITOR CARDIACO MULTILASER P9079
20086;7899838836454;ROTEADOR MULTILASER RE160V 300MBPS 2 ANTENAS FIXAS IPV6
24629;7897101508596;ROTEADOR MULTILASER WIRELESS FAST IPV6  RE099 AC1200  C/ 4 ANTENAS
19498;7899838823652;SECADOR DE CABELO EB03 MULTILASER PTO/PTA
19936;7899838835051;SECADOR DE CABELO GOLG BEAUTY EB020 MULTILASER
19939;7899838823638;SECADOR DE CABELO MODELO VIAGEM BEAUTY PRETO/PRATA EB01 MULTILASER
16368;7898506465613;SENSOR DE ESTACIONAMENTO 4 POMTOS C/CONECTOR E LED MULTILASER AU010 BRANCO
14927;7898506465576;SENSOR DE ESTACIONAMENTO 4 PONTOS MULTILASER AU006 PRATA
16253;7898506465606;SENSOR DE ESTACIONAMENTO 4 PONTOS MULTILASER AU009 PRATA
14928;7898506465705;SENSOR DE ESTACIONAMENTO 4 PONTOS MULTILASER AU011 PRETO
18587;7899838818863;SKATE ELETRICO ATRIO ROVER 120KG 6,5P MULTILASER ES134
19952;7899838830797;SKATE ELETRICO HOVERBOARD OFF-ROAD 120KG 8,5P MULTILASER ES171
21868;7899838865867;SKATE ELETRICO HOVERBOARD SLIDE PRETO 6,5P 100KG MULTILASER ES208
21520;7899838834696;SMART TV BOX HIBRIDO ANDROID+ CONVERSOR MULTILASER PC001
21523;7899838834696;SMART TV BOX HIBRIDO ANDROID+CONV 1G RAM+8GB FLASH MULTILASER PC001
20180;7899838827414;SMARTPHONE TABLET MINI MULTILASER NB706 MS50L PRETO/GRAFITE 
20201;7899838827421;SMARTPHONE TABLET MINI MULTILASER NB707 MS50L BRANCO/DOURADO 
18395;7899838816241;SMARTPHONE TABLET MULTILASER MS40S DUAL NB251 PRETO
18396;7899838816258;SMARTPHONE TABLET MULTILASER MS40S DUAL NB252 PRETO/BRANCO
19280;7899838830292;SMARTPHONE TABLET MULTILASER MS40S DUAL NB702 PRETO/DOURADO
18391;7899838813639;SMARTPHONE TABLET MULTILASER MS45S DUAL NB234 PRETO/VERM
18392;7899838813646;SMARTPHONE TABLET MULTILASER MS45S DUAL NB235 BRANCO/AZUL
19287;7899838830766;SMARTPHONE TABLET MULTILASER MS45S DUAL NB703 BRANCO/DOURADO
18393;7899838813653;SMARTPHONE TABLET MULTILASER MS50 4G DUAL NB236 PRETO/VERDE
18394;7899838813660;SMARTPHONE TABLET MULTILASER MS50 4G DUAL NB237 BRANCO/DOURADO
20195;7899838831015;SMARTPHONE TABLET MULTILASER MS50L DUAL NB708 PRETO/VERMELHO
20292;7899838837550;SUPER GRILL INOX 1200W PRETO 220V CE048 MULTILASER
20293;7899838823409;SUPER GRILL INOX 1200W PRETO 220V CE12 MULTILASER
17479;7898506454495;SUPORTE NOTEBOOK MULTILASER C/COOLER C/LED AC123
17481;7898506463251;SUPORTE P/ NOTEBOOK MULTILASER C/ CAIXA DE SOM AC171
23741;7899838810188;SUPORTE P/ NOTEBOOK MULTILASER C/ 6 FANS LED AZUL AC282
24473;7899838892467;SUPORTE PARA MONITOR C/ORGANIZADOR DE MESA ARMADO MULTILASER EI044 PRETO
19175;7898506454686;SUPORTE PARA MONITOR DE MESA MULTILASER AC124 TRIANGULO
19176;7898506454693;SUPORTE PARA MONITOR DE MESA MULTILASER AC125 QUADRADO
12654;7898476320721;SUPORTE P/CPU COM RODAS PRETO MULTILASER AC019
9629;7898506452156;SUPORTE P/NETBOOK AC114 MULTILASER
9831;7898506452019;SUPORTE P/NOTEBOOK AC112 MULTILASER
8675;7898476325986;SUPORTE P/NOTEBOOK 4 PORTAS MULTILASER AC00058ML
13188;7898506458165;SUPORTE P/TABLET STAND BRANCO MULTILASER AC165
16022;7898506460069;SUPORTE UNIVERSAL GPS MULTILASER AC168 P/CELULAR E TABLET
16263;7898506460847;SWITCH HDMI 5 EM 1 MULTILASER RE048
18491;7899838811017;SWITCH MINI 8 MULTILASER SOHO RE308
19589;7899838830285;SWITCH POE 8P 10/100 VLAN MULTILASER RE115
17844;7899838810669;SWITCH 8  10/100  MULTILASER RE118
20738;7899838834511;TABLET MINI MULTILASER MS40G NB728 8GB/3G/5MP/WIFI PRETO SMARTPHONE
21944;7899838820798;TABLET MULTILASER LITE M10A NB267 3G PRETO
18885;7899838811918;TABLET MULTILASER M7 3G NB223 QUAD CORE 8GB CAMERA WIFI PRETO
20341;7899838827476;TABLET MULTILASER M7 3G NB269 PLUS QUAD CORE 8GB PRETO
19683;7899838827506;TABLET MULTILASER M7 3G NB272 PLUS QUAD CORE 8GB DOURADO
22387;7899838858630;TABLET MULTILASER M7 3G NB304 PLUS QUAD CORE 16GB PRETO
18554;7899838815343;TABLET MULTILASER M7I 3G NB245 QUAD CORE 8GB CAMERA WIFI BRANCO
14681;7898506465750;TABLET MULTILASER M7S WI-FI NB085 ANDROID 4.1 ROSA
18454;7898458703177;TECLADO BASICO PS2 PRETO TC064 MULTILASER
17120;7898506478989;TECLADO BASICO SLIM USB PRETO MULTILASER TC193
22539;7899838853871;TECLADO BASICO SLIM USB PRETO MULTILASER TC193BU
20940;7899838817422;TECLADO BASICO SLIM USB PRETO MULTILASER TC206
13883;7898458703184;TECLADO BASICO SLIM USB PRETO TC065 MULTILASER
18398;7899838817408;TECLADO BASICO SLIM USB PRETO TC204 MULTILASER
26402;7899838819693;TECLADO COM FIO MULTILASER CONEXAO USB PRETO TC213
18136;7898506460410;TECLADO E MOUSE MINI S/FIO MULTILASER TC158
22092;7899838819587;TECLADO E MOUSE S/FIO  PRETO MULTILASER TC212
18137;7898506474509;TECLADO E MOUSE S/FIO MULTILASER TC183
24376;7899838807188;TECLADO E MOUSE S/FIO MULTILASER TC203 SLIM BRANCO
21697;7899838849829;TECLADO E MOUSE S/FIO TECLAS REDONDAS BRANCO USB MULTILASER TC232
21693;7899838849430;TECLADO E MOUSE S/FIO TECLAS REDONDAS PRETO MULTILASER TC231
6542;7898476323296;TECLADO FLEXIVEL MULTILASER TC00007ML AZUL
6543;7898476323302;TECLADO FLEXIVEL MULTILASER TC00008ML LUMINOSO AZUL
5753;7898458705034;TECLADO FLEXIVEL MULTILASER TC092 USB
22093;7899838854052;TECLADO GAMER USB MECANICO E MACRO KANE PRETO WARRIOR MULTILASER TC236
17312;7899838801612;TECLADO GAMER USB SEMI MECANICO PROFISSIONAL MULTILASER TC196
20289;7899838819549;TECLADO GAMER USB SEMI MECANICO PROFISSIONAL MULTILASER TC208
22022;7899838865041;TECLADO GAMER USB SLIM VERMELHO MULTILASER TC242
19505;7898506460991;TECLADO GAMER VM USB MULTILASER TC160
13848;7898506460274;TECLADO MINI SLIN USB CAPA P/TABLET MULTILASER TC155
16364;7898506469017;TECLADO MINI SLIN USB CAPA P/TABLET 7 MULTILASER TC178
13847;7898506460250;TECLADO MINI SLIN USB MULTILASER TC154
16365;7898506473939;TECLADO MULT USB C/LED MULTILASER TC182 PTO
12656;7898506457021;TECLADO MULT USB MULTILASER TC139
13846;7898506457946;TECLADO MULT USB MULTILASER TC143
17119;7898506450084;TECLADO MULT USB PRETO MULTILASER TC126
9855;7898506453573;TECLADO MULT USB ROSA MULTILASER TC131
9856;7898506453597;TECLADO MULT USB VERMELHO MULTILASER TC133
5755;7898458702651;TECLADO MULTILASER BRANC TCMM0503BRUSBML
5630;7898458704860;TECLADO MULTILASER ORGANIZADOR 1101
10893;7898506454990;TECLADO MULTILASER PS2 PTO TC138
20407;7899838840109;TECLADO MULTILASER PS2 PTO TC225
9637;7898458703252;TECLADO MULTILASER PS2 TC072 PRETO/PRATA
9125;7898149188108;TECLADO MULTILASER PS2 TC082
11116;7898506452002;TECLADO MULTILASER USB PTO TC127
17492;7899838804163;TECLADO NUMERICO MULTILASER CHOCOLATE TC197
22482;7899838845944;TECLADO NUMERICO MULTILASER PRETO TC230
15750;7898506463497;TECLADO PROF. MULTILASER WARRIOR GAMER C/LED USB TC167 PRETO
24377;7899838821573;TECLADO S/FIO BLUETOOTH MULTILASER TC220 SLIM PRETO
14438;7898506460236;TECLADO S/FIO MINI BLUETOOTH MULTILASER TC153
9852;7898476326068;TECLADO S/FIO MULTILASER TC041
9854;7898506452637;TECLADO SLIM MULTILASER TC128
18135;7898458700640;TECLADO SLIM PS2 MULTILASER TC047
17231;7898506450077;TECLADO STANDARD USB PRETO MULTILASER TC125
20941;7898506457939;TECLADO USB CHOCOLATE MULTILASER TC142
23486;7899838821610;TECLADO USB PRETO MULTILASER OFFICER TC218
17491;7898149188115;TECLADO USB SUPER MULTIMIDIA MULTILASER TC081
8839;7898476322022;TECLADO+MOUSE MULTILASER TCCM1802 PRETO
434700;7898149186579;TECLADO+MOUSE SEM FIO MULTILASER 3800
7970;7898476327898;TECLADO+MOUSE USB HOTWHEELS MULTILASER TC044
10555;7898506454372;TECLADO+MOUSE USB MULTILASER TC137
23179;7899838894799;TELA 43 SMART FHD MULTILASER TL024
4807;7898458700800;TELEFONE USB MULTILASER TESV70201PRML
22201;7899838856520;TERMOMETRO S/CONTATO DIGITAL FISHER PRICE MULTILASER HC181
12497;7898506454587;VOLANTE P/ PC/PS3 MULTILASER JS065
15882;7898506467402;VOLANTE 3 EM 1 PS2/PS3/PC S/FIO C/MARCHA ACOPLADA MULTILASER JS074
15747;7898506467419;VOLANTE 4 EM 1 XBOX360/PS3/PS2/PC USB C/MARCHA ACOPLADA MULTILASER JS075
9127;7898506450671;WEB CAM MULTILASER WC040 1.3MP
12288;7898506455713;WEBCAM MULTILASER NIGHTVISION WC045
22287;7899838859125;WEBCAM OFFICE HD 720P USB MULTILASER PRETA AC339
